"SINGLE TISSUE, FREQUENCY RANGE","TISSUE: ",SpinalCord
"Tissue","Frequency","Conductivity","Relative","Loss","Wavelength","Penetration",
"name","[Hz]","[S/m]","permittivity","tangent","[m]","depth [m]",
SpinalCord        ,   5.0000e+8,   4.7279e-1,   3.4449e+1,   4.9340e-1,   9.9337e-2,   6.7774e-2,
SpinalCord        ,   5.3000e+8,   4.8040e-1,   3.4223e+1,   4.7609e-1,   9.4191e-2,   6.6362e-2,
SpinalCord        ,   5.6000e+8,   4.8795e-1,   3.4019e+1,   4.6042e-1,   8.9554e-2,   6.5037e-2,
SpinalCord        ,   5.9000e+8,   4.9547e-1,   3.3832e+1,   4.4619e-1,   8.5355e-2,   6.3785e-2,
SpinalCord        ,   6.2000e+8,   5.0296e-1,   3.3660e+1,   4.3322e-1,   8.1533e-2,   6.2597e-2,
SpinalCord        ,   6.5000e+8,   5.1044e-1,   3.3502e+1,   4.2135e-1,   7.8041e-2,   6.1466e-2,
SpinalCord        ,   6.8000e+8,   5.1792e-1,   3.3355e+1,   4.1046e-1,   7.4836e-2,   6.0385e-2,
SpinalCord        ,   7.1000e+8,   5.2542e-1,   3.3219e+1,   4.0044e-1,   7.1886e-2,   5.9347e-2,
SpinalCord        ,   7.4000e+8,   5.3294e-1,   3.3092e+1,   3.9121e-1,   6.9161e-2,   5.8350e-2,
SpinalCord        ,   7.7000e+8,   5.4049e-1,   3.2973e+1,   3.8267e-1,   6.6636e-2,   5.7389e-2,
SpinalCord        ,   8.0000e+8,   5.4807e-1,   3.2861e+1,   3.7476e-1,   6.4290e-2,   5.6460e-2,
SpinalCord        ,   8.3000e+8,   5.5570e-1,   3.2755e+1,   3.6742e-1,   6.2104e-2,   5.5562e-2,
SpinalCord        ,   8.6000e+8,   5.6338e-1,   3.2656e+1,   3.6060e-1,   6.0063e-2,   5.4690e-2,
SpinalCord        ,   8.9000e+8,   5.7110e-1,   3.2561e+1,   3.5425e-1,   5.8153e-2,   5.3844e-2,
SpinalCord        ,   9.2000e+8,   5.7889e-1,   3.2471e+1,   3.4833e-1,   5.6361e-2,   5.3021e-2,
SpinalCord        ,   9.5000e+8,   5.8674e-1,   3.2386e+1,   3.4280e-1,   5.4677e-2,   5.2220e-2,
SpinalCord        ,   9.8000e+8,   5.9465e-1,   3.2304e+1,   3.3764e-1,   5.3091e-2,   5.1440e-2,
SpinalCord        ,   1.0100e+9,   6.0263e-1,   3.2227e+1,   3.3281e-1,   5.1596e-2,   5.0678e-2,
SpinalCord        ,   1.0400e+9,   6.1069e-1,   3.2152e+1,   3.2829e-1,   5.0183e-2,   4.9935e-2,
SpinalCord        ,   1.0700e+9,   6.1881e-1,   3.2080e+1,   3.2405e-1,   4.8846e-2,   4.9209e-2,
SpinalCord        ,   1.1000e+9,   6.2701e-1,   3.2012e+1,   3.2008e-1,   4.7579e-2,   4.8498e-2,
SpinalCord        ,   1.1300e+9,   6.3529e-1,   3.1945e+1,   3.1635e-1,   4.6376e-2,   4.7804e-2,
SpinalCord        ,   1.1600e+9,   6.4365e-1,   3.1882e+1,   3.1285e-1,   4.5234e-2,   4.7124e-2,
SpinalCord        ,   1.1900e+9,   6.5209e-1,   3.1820e+1,   3.0956e-1,   4.4147e-2,   4.6458e-2,
SpinalCord        ,   1.2200e+9,   6.6061e-1,   3.1760e+1,   3.0646e-1,   4.3111e-2,   4.5805e-2,
SpinalCord        ,   1.2500e+9,   6.6922e-1,   3.1703e+1,   3.0356e-1,   4.2123e-2,   4.5166e-2,
SpinalCord        ,   1.2800e+9,   6.7791e-1,   3.1647e+1,   3.0082e-1,   4.1181e-2,   4.4539e-2,
SpinalCord        ,   1.3100e+9,   6.8669e-1,   3.1593e+1,   2.9825e-1,   4.0279e-2,   4.3924e-2,
SpinalCord        ,   1.3400e+9,   6.9555e-1,   3.1540e+1,   2.9583e-1,   3.9417e-2,   4.3320e-2,
SpinalCord        ,   1.3700e+9,   7.0451e-1,   3.1488e+1,   2.9356e-1,   3.8591e-2,   4.2728e-2,
SpinalCord        ,   1.4000e+9,   7.1355e-1,   3.1438e+1,   2.9142e-1,   3.7800e-2,   4.2147e-2,
SpinalCord        ,   1.4300e+9,   7.2268e-1,   3.1390e+1,   2.8940e-1,   3.7041e-2,   4.1576e-2,
SpinalCord        ,   1.4600e+9,   7.3191e-1,   3.1342e+1,   2.8751e-1,   3.6312e-2,   4.1016e-2,
SpinalCord        ,   1.4900e+9,   7.4122e-1,   3.1296e+1,   2.8573e-1,   3.5611e-2,   4.0466e-2,
SpinalCord        ,   1.5200e+9,   7.5063e-1,   3.1250e+1,   2.8406e-1,   3.4938e-2,   3.9925e-2,
SpinalCord        ,   1.5500e+9,   7.6013e-1,   3.1206e+1,   2.8249e-1,   3.4290e-2,   3.9394e-2,
SpinalCord        ,   1.5800e+9,   7.6972e-1,   3.1162e+1,   2.8101e-1,   3.3665e-2,   3.8872e-2,
SpinalCord        ,   1.6100e+9,   7.7940e-1,   3.1120e+1,   2.7963e-1,   3.3064e-2,   3.8360e-2,
SpinalCord        ,   1.6400e+9,   7.8918e-1,   3.1078e+1,   2.7833e-1,   3.2483e-2,   3.7856e-2,
SpinalCord        ,   1.6700e+9,   7.9905e-1,   3.1037e+1,   2.7711e-1,   3.1924e-2,   3.7360e-2,
SpinalCord        ,   1.7000e+9,   8.0901e-1,   3.0997e+1,   2.7598e-1,   3.1383e-2,   3.6873e-2,
SpinalCord        ,   1.7300e+9,   8.1907e-1,   3.0957e+1,   2.7491e-1,   3.0861e-2,   3.6395e-2,
SpinalCord        ,   1.7600e+9,   8.2922e-1,   3.0918e+1,   2.7392e-1,   3.0356e-2,   3.5924e-2,
SpinalCord        ,   1.7900e+9,   8.3947e-1,   3.0880e+1,   2.7300e-1,   2.9867e-2,   3.5462e-2,
SpinalCord        ,   1.8200e+9,   8.4981e-1,   3.0842e+1,   2.7214e-1,   2.9394e-2,   3.5007e-2,
SpinalCord        ,   1.8500e+9,   8.6024e-1,   3.0805e+1,   2.7134e-1,   2.8937e-2,   3.4560e-2,
SpinalCord        ,   1.8800e+9,   8.7077e-1,   3.0768e+1,   2.7060e-1,   2.8493e-2,   3.4120e-2,
SpinalCord        ,   1.9100e+9,   8.8139e-1,   3.0732e+1,   2.6991e-1,   2.8063e-2,   3.3687e-2,
SpinalCord        ,   1.9400e+9,   8.9211e-1,   3.0697e+1,   2.6928e-1,   2.7647e-2,   3.3262e-2,
SpinalCord        ,   1.9700e+9,   9.0292e-1,   3.0661e+1,   2.6870e-1,   2.7242e-2,   3.2844e-2,
SpinalCord        ,   2.0000e+9,   9.1383e-1,   3.0627e+1,   2.6817e-1,   2.6850e-2,   3.2432e-2,
SpinalCord        ,   2.0300e+9,   9.2482e-1,   3.0592e+1,   2.6769e-1,   2.6469e-2,   3.2028e-2,
SpinalCord        ,   2.0600e+9,   9.3592e-1,   3.0558e+1,   2.6725e-1,   2.6098e-2,   3.1630e-2,
SpinalCord        ,   2.0900e+9,   9.4710e-1,   3.0525e+1,   2.6686e-1,   2.5738e-2,   3.1238e-2,
SpinalCord        ,   2.1200e+9,   9.5838e-1,   3.0491e+1,   2.6650e-1,   2.5389e-2,   3.0853e-2,
SpinalCord        ,   2.1500e+9,   9.6975e-1,   3.0459e+1,   2.6619e-1,   2.5048e-2,   3.0474e-2,
SpinalCord        ,   2.1800e+9,   9.8122e-1,   3.0426e+1,   2.6592e-1,   2.4717e-2,   3.0101e-2,
SpinalCord        ,   2.2100e+9,   9.9278e-1,   3.0394e+1,   2.6568e-1,   2.4395e-2,   2.9735e-2,
SpinalCord        ,   2.2400e+9,   1.0044e+0,   3.0362e+1,   2.6547e-1,   2.4081e-2,   2.9374e-2,
SpinalCord        ,   2.2700e+9,   1.0162e+0,   3.0330e+1,   2.6531e-1,   2.3776e-2,   2.9019e-2,
SpinalCord        ,   2.3000e+9,   1.0280e+0,   3.0299e+1,   2.6517e-1,   2.3478e-2,   2.8670e-2,
SpinalCord        ,   2.3300e+9,   1.0399e+0,   3.0268e+1,   2.6507e-1,   2.3188e-2,   2.8326e-2,
SpinalCord        ,   2.3600e+9,   1.0520e+0,   3.0237e+1,   2.6499e-1,   2.2905e-2,   2.7988e-2,
SpinalCord        ,   2.3900e+9,   1.0641e+0,   3.0206e+1,   2.6495e-1,   2.2629e-2,   2.7656e-2,
SpinalCord        ,   2.4200e+9,   1.0763e+0,   3.0176e+1,   2.6493e-1,   2.2360e-2,   2.7328e-2,
SpinalCord        ,   2.4500e+9,   1.0886e+0,   3.0145e+1,   2.6494e-1,   2.2097e-2,   2.7006e-2,
SpinalCord        ,   2.4800e+9,   1.1009e+0,   3.0115e+1,   2.6498e-1,   2.1840e-2,   2.6689e-2,
SpinalCord        ,   2.5100e+9,   1.1134e+0,   3.0086e+1,   2.6504e-1,   2.1590e-2,   2.6377e-2,
SpinalCord        ,   2.5400e+9,   1.1260e+0,   3.0056e+1,   2.6512e-1,   2.1345e-2,   2.6070e-2,
SpinalCord        ,   2.5700e+9,   1.1386e+0,   3.0026e+1,   2.6523e-1,   2.1106e-2,   2.5768e-2,
SpinalCord        ,   2.6000e+9,   1.1514e+0,   2.9997e+1,   2.6537e-1,   2.0873e-2,   2.5470e-2,
SpinalCord        ,   2.6300e+9,   1.1642e+0,   2.9968e+1,   2.6552e-1,   2.0645e-2,   2.5178e-2,
SpinalCord        ,   2.6600e+9,   1.1771e+0,   2.9939e+1,   2.6570e-1,   2.0421e-2,   2.4890e-2,
SpinalCord        ,   2.6900e+9,   1.1901e+0,   2.9910e+1,   2.6589e-1,   2.0203e-2,   2.4606e-2,
SpinalCord        ,   2.7200e+9,   1.2032e+0,   2.9882e+1,   2.6611e-1,   1.9990e-2,   2.4327e-2,
SpinalCord        ,   2.7500e+9,   1.2164e+0,   2.9853e+1,   2.6634e-1,   1.9781e-2,   2.4052e-2,
SpinalCord        ,   2.7800e+9,   1.2297e+0,   2.9825e+1,   2.6660e-1,   1.9576e-2,   2.3781e-2,
SpinalCord        ,   2.8100e+9,   1.2431e+0,   2.9797e+1,   2.6687e-1,   1.9376e-2,   2.3515e-2,
SpinalCord        ,   2.8400e+9,   1.2565e+0,   2.9768e+1,   2.6716e-1,   1.9180e-2,   2.3253e-2,
SpinalCord        ,   2.8700e+9,   1.2700e+0,   2.9740e+1,   2.6747e-1,   1.8988e-2,   2.2995e-2,
SpinalCord        ,   2.9000e+9,   1.2837e+0,   2.9713e+1,   2.6779e-1,   1.8800e-2,   2.2741e-2,
SpinalCord        ,   2.9300e+9,   1.2974e+0,   2.9685e+1,   2.6813e-1,   1.8616e-2,   2.2490e-2,
SpinalCord        ,   2.9600e+9,   1.3112e+0,   2.9657e+1,   2.6848e-1,   1.8435e-2,   2.2244e-2,
SpinalCord        ,   2.9900e+9,   1.3250e+0,   2.9630e+1,   2.6885e-1,   1.8259e-2,   2.2001e-2,
SpinalCord        ,   3.0200e+9,   1.3390e+0,   2.9602e+1,   2.6923e-1,   1.8085e-2,   2.1762e-2,
SpinalCord        ,   3.0500e+9,   1.3530e+0,   2.9575e+1,   2.6963e-1,   1.7915e-2,   2.1527e-2,
SpinalCord        ,   3.0800e+9,   1.3672e+0,   2.9547e+1,   2.7004e-1,   1.7748e-2,   2.1295e-2,
SpinalCord        ,   3.1100e+9,   1.3814e+0,   2.9520e+1,   2.7046e-1,   1.7585e-2,   2.1067e-2,
SpinalCord        ,   3.1400e+9,   1.3957e+0,   2.9493e+1,   2.7090e-1,   1.7424e-2,   2.0843e-2,
SpinalCord        ,   3.1700e+9,   1.4100e+0,   2.9466e+1,   2.7135e-1,   1.7267e-2,   2.0621e-2,
SpinalCord        ,   3.2000e+9,   1.4245e+0,   2.9439e+1,   2.7181e-1,   1.7112e-2,   2.0403e-2,
SpinalCord        ,   3.2300e+9,   1.4390e+0,   2.9412e+1,   2.7228e-1,   1.6960e-2,   2.0188e-2,
SpinalCord        ,   3.2600e+9,   1.4536e+0,   2.9385e+1,   2.7277e-1,   1.6812e-2,   1.9977e-2,
SpinalCord        ,   3.2900e+9,   1.4683e+0,   2.9359e+1,   2.7326e-1,   1.6665e-2,   1.9769e-2,
SpinalCord        ,   3.3200e+9,   1.4831e+0,   2.9332e+1,   2.7377e-1,   1.6522e-2,   1.9563e-2,
SpinalCord        ,   3.3500e+9,   1.4980e+0,   2.9305e+1,   2.7428e-1,   1.6381e-2,   1.9361e-2,
SpinalCord        ,   3.3800e+9,   1.5129e+0,   2.9279e+1,   2.7481e-1,   1.6242e-2,   1.9162e-2,
SpinalCord        ,   3.4100e+9,   1.5279e+0,   2.9252e+1,   2.7534e-1,   1.6106e-2,   1.8966e-2,
SpinalCord        ,   3.4400e+9,   1.5430e+0,   2.9226e+1,   2.7589e-1,   1.5972e-2,   1.8772e-2,
SpinalCord        ,   3.4700e+9,   1.5582e+0,   2.9199e+1,   2.7644e-1,   1.5841e-2,   1.8582e-2,
SpinalCord        ,   3.5000e+9,   1.5735e+0,   2.9173e+1,   2.7701e-1,   1.5711e-2,   1.8394e-2,
