"SINGLE TISSUE, FREQUENCY RANGE","TISSUE: ",BrainWhiteMatter
"Tissue","Frequency","Conductivity","Relative","Loss","Wavelength","Penetration",
"name","[Hz]","[S/m]","permittivity","tangent","[m]","depth [m]",
BrainWhiteMatter  ,   5.0000e+8,   4.7391e-1,   4.1004e+1,   4.1551e-1,   9.1753e-2,   7.3202e-2,
BrainWhiteMatter  ,   5.3000e+8,   4.8253e-1,   4.0754e+1,   4.0157e-1,   8.6934e-2,   7.1584e-2,
BrainWhiteMatter  ,   5.6000e+8,   4.9113e-1,   4.0528e+1,   3.8899e-1,   8.2599e-2,   7.0058e-2,
BrainWhiteMatter  ,   5.9000e+8,   4.9971e-1,   4.0321e+1,   3.7758e-1,   7.8677e-2,   6.8611e-2,
BrainWhiteMatter  ,   6.2000e+8,   5.0830e-1,   4.0132e+1,   3.6721e-1,   7.5112e-2,   6.7234e-2,
BrainWhiteMatter  ,   6.5000e+8,   5.1692e-1,   3.9958e+1,   3.5776e-1,   7.1857e-2,   6.5918e-2,
BrainWhiteMatter  ,   6.8000e+8,   5.2556e-1,   3.9796e+1,   3.4910e-1,   6.8874e-2,   6.4658e-2,
BrainWhiteMatter  ,   7.1000e+8,   5.3425e-1,   3.9646e+1,   3.4117e-1,   6.6131e-2,   6.3446e-2,
BrainWhiteMatter  ,   7.4000e+8,   5.4300e-1,   3.9506e+1,   3.3387e-1,   6.3598e-2,   6.2278e-2,
BrainWhiteMatter  ,   7.7000e+8,   5.5180e-1,   3.9375e+1,   3.2716e-1,   6.1254e-2,   6.1152e-2,
BrainWhiteMatter  ,   8.0000e+8,   5.6067e-1,   3.9251e+1,   3.2096e-1,   5.9077e-2,   6.0062e-2,
BrainWhiteMatter  ,   8.3000e+8,   5.6961e-1,   3.9135e+1,   3.1523e-1,   5.7050e-2,   5.9006e-2,
BrainWhiteMatter  ,   8.6000e+8,   5.7863e-1,   3.9024e+1,   3.0992e-1,   5.5159e-2,   5.7982e-2,
BrainWhiteMatter  ,   8.9000e+8,   5.8774e-1,   3.8920e+1,   3.0500e-1,   5.3390e-2,   5.6987e-2,
BrainWhiteMatter  ,   9.2000e+8,   5.9693e-1,   3.8821e+1,   3.0044e-1,   5.1732e-2,   5.6019e-2,
BrainWhiteMatter  ,   9.5000e+8,   6.0622e-1,   3.8726e+1,   2.9620e-1,   5.0175e-2,   5.5078e-2,
BrainWhiteMatter  ,   9.8000e+8,   6.1560e-1,   3.8635e+1,   2.9226e-1,   4.8709e-2,   5.4160e-2,
BrainWhiteMatter  ,   1.0100e+9,   6.2507e-1,   3.8549e+1,   2.8859e-1,   4.7327e-2,   5.3266e-2,
BrainWhiteMatter  ,   1.0400e+9,   6.3465e-1,   3.8466e+1,   2.8517e-1,   4.6022e-2,   5.2394e-2,
BrainWhiteMatter  ,   1.0700e+9,   6.4433e-1,   3.8386e+1,   2.8199e-1,   4.4787e-2,   5.1542e-2,
BrainWhiteMatter  ,   1.1000e+9,   6.5412e-1,   3.8309e+1,   2.7902e-1,   4.3618e-2,   5.0710e-2,
BrainWhiteMatter  ,   1.1300e+9,   6.6401e-1,   3.8235e+1,   2.7625e-1,   4.2509e-2,   4.9898e-2,
BrainWhiteMatter  ,   1.1600e+9,   6.7401e-1,   3.8164e+1,   2.7367e-1,   4.1455e-2,   4.9103e-2,
BrainWhiteMatter  ,   1.1900e+9,   6.8412e-1,   3.8095e+1,   2.7127e-1,   4.0453e-2,   4.8326e-2,
BrainWhiteMatter  ,   1.2200e+9,   6.9434e-1,   3.8028e+1,   2.6902e-1,   3.9499e-2,   4.7566e-2,
BrainWhiteMatter  ,   1.2500e+9,   7.0468e-1,   3.7963e+1,   2.6693e-1,   3.8589e-2,   4.6822e-2,
BrainWhiteMatter  ,   1.2800e+9,   7.1512e-1,   3.7900e+1,   2.6498e-1,   3.7720e-2,   4.6094e-2,
BrainWhiteMatter  ,   1.3100e+9,   7.2569e-1,   3.7839e+1,   2.6316e-1,   3.6891e-2,   4.5381e-2,
BrainWhiteMatter  ,   1.3400e+9,   7.3637e-1,   3.7779e+1,   2.6147e-1,   3.6097e-2,   4.4683e-2,
BrainWhiteMatter  ,   1.3700e+9,   7.4716e-1,   3.7721e+1,   2.5989e-1,   3.5337e-2,   4.3999e-2,
BrainWhiteMatter  ,   1.4000e+9,   7.5807e-1,   3.7665e+1,   2.5842e-1,   3.4609e-2,   4.3330e-2,
BrainWhiteMatter  ,   1.4300e+9,   7.6910e-1,   3.7609e+1,   2.5706e-1,   3.3911e-2,   4.2673e-2,
BrainWhiteMatter  ,   1.4600e+9,   7.8025e-1,   3.7555e+1,   2.5579e-1,   3.3240e-2,   4.2030e-2,
BrainWhiteMatter  ,   1.4900e+9,   7.9152e-1,   3.7502e+1,   2.5462e-1,   3.2596e-2,   4.1400e-2,
BrainWhiteMatter  ,   1.5200e+9,   8.0290e-1,   3.7451e+1,   2.5354e-1,   3.1977e-2,   4.0782e-2,
BrainWhiteMatter  ,   1.5500e+9,   8.1441e-1,   3.7400e+1,   2.5253e-1,   3.1381e-2,   4.0176e-2,
BrainWhiteMatter  ,   1.5800e+9,   8.2603e-1,   3.7350e+1,   2.5161e-1,   3.0808e-2,   3.9582e-2,
BrainWhiteMatter  ,   1.6100e+9,   8.3777e-1,   3.7302e+1,   2.5076e-1,   3.0255e-2,   3.9000e-2,
BrainWhiteMatter  ,   1.6400e+9,   8.4964e-1,   3.7254e+1,   2.4998e-1,   2.9722e-2,   3.8429e-2,
BrainWhiteMatter  ,   1.6700e+9,   8.6162e-1,   3.7207e+1,   2.4927e-1,   2.9208e-2,   3.7869e-2,
BrainWhiteMatter  ,   1.7000e+9,   8.7373e-1,   3.7160e+1,   2.4862e-1,   2.8711e-2,   3.7319e-2,
BrainWhiteMatter  ,   1.7300e+9,   8.8595e-1,   3.7115e+1,   2.4803e-1,   2.8232e-2,   3.6781e-2,
BrainWhiteMatter  ,   1.7600e+9,   8.9829e-1,   3.7070e+1,   2.4750e-1,   2.7768e-2,   3.6252e-2,
BrainWhiteMatter  ,   1.7900e+9,   9.1076e-1,   3.7025e+1,   2.4702e-1,   2.7320e-2,   3.5734e-2,
BrainWhiteMatter  ,   1.8200e+9,   9.2334e-1,   3.6982e+1,   2.4659e-1,   2.6886e-2,   3.5225e-2,
BrainWhiteMatter  ,   1.8500e+9,   9.3605e-1,   3.6939e+1,   2.4622e-1,   2.6466e-2,   3.4726e-2,
BrainWhiteMatter  ,   1.8800e+9,   9.4887e-1,   3.6896e+1,   2.4589e-1,   2.6059e-2,   3.4236e-2,
BrainWhiteMatter  ,   1.9100e+9,   9.6181e-1,   3.6854e+1,   2.4561e-1,   2.5665e-2,   3.3756e-2,
BrainWhiteMatter  ,   1.9400e+9,   9.7487e-1,   3.6813e+1,   2.4537e-1,   2.5283e-2,   3.3284e-2,
BrainWhiteMatter  ,   1.9700e+9,   9.8806e-1,   3.6772e+1,   2.4518e-1,   2.4912e-2,   3.2822e-2,
BrainWhiteMatter  ,   2.0000e+9,   1.0014e+0,   3.6732e+1,   2.4502e-1,   2.4552e-2,   3.2367e-2,
BrainWhiteMatter  ,   2.0300e+9,   1.0148e+0,   3.6692e+1,   2.4490e-1,   2.4202e-2,   3.1922e-2,
BrainWhiteMatter  ,   2.0600e+9,   1.0283e+0,   3.6652e+1,   2.4482e-1,   2.3863e-2,   3.1484e-2,
BrainWhiteMatter  ,   2.0900e+9,   1.0420e+0,   3.6613e+1,   2.4477e-1,   2.3533e-2,   3.1055e-2,
BrainWhiteMatter  ,   2.1200e+9,   1.0557e+0,   3.6574e+1,   2.4476e-1,   2.3212e-2,   3.0633e-2,
BrainWhiteMatter  ,   2.1500e+9,   1.0696e+0,   3.6535e+1,   2.4478e-1,   2.2900e-2,   3.0220e-2,
BrainWhiteMatter  ,   2.1800e+9,   1.0837e+0,   3.6497e+1,   2.4482e-1,   2.2597e-2,   2.9814e-2,
BrainWhiteMatter  ,   2.2100e+9,   1.0978e+0,   3.6459e+1,   2.4490e-1,   2.2302e-2,   2.9415e-2,
BrainWhiteMatter  ,   2.2400e+9,   1.1120e+0,   3.6422e+1,   2.4501e-1,   2.2014e-2,   2.9023e-2,
BrainWhiteMatter  ,   2.2700e+9,   1.1264e+0,   3.6385e+1,   2.4515e-1,   2.1734e-2,   2.8639e-2,
BrainWhiteMatter  ,   2.3000e+9,   1.1409e+0,   3.6348e+1,   2.4531e-1,   2.1461e-2,   2.8261e-2,
BrainWhiteMatter  ,   2.3300e+9,   1.1555e+0,   3.6311e+1,   2.4549e-1,   2.1196e-2,   2.7891e-2,
BrainWhiteMatter  ,   2.3600e+9,   1.1702e+0,   3.6274e+1,   2.4570e-1,   2.0936e-2,   2.7527e-2,
BrainWhiteMatter  ,   2.3900e+9,   1.1850e+0,   3.6238e+1,   2.4594e-1,   2.0684e-2,   2.7169e-2,
BrainWhiteMatter  ,   2.4200e+9,   1.1999e+0,   3.6202e+1,   2.4620e-1,   2.0437e-2,   2.6818e-2,
BrainWhiteMatter  ,   2.4500e+9,   1.2150e+0,   3.6167e+1,   2.4647e-1,   2.0196e-2,   2.6473e-2,
BrainWhiteMatter  ,   2.4800e+9,   1.2301e+0,   3.6131e+1,   2.4677e-1,   1.9962e-2,   2.6134e-2,
BrainWhiteMatter  ,   2.5100e+9,   1.2454e+0,   3.6096e+1,   2.4710e-1,   1.9732e-2,   2.5802e-2,
BrainWhiteMatter  ,   2.5400e+9,   1.2608e+0,   3.6061e+1,   2.4743e-1,   1.9508e-2,   2.5475e-2,
BrainWhiteMatter  ,   2.5700e+9,   1.2763e+0,   3.6026e+1,   2.4779e-1,   1.9290e-2,   2.5154e-2,
BrainWhiteMatter  ,   2.6000e+9,   1.2919e+0,   3.5991e+1,   2.4817e-1,   1.9076e-2,   2.4838e-2,
BrainWhiteMatter  ,   2.6300e+9,   1.3076e+0,   3.5956e+1,   2.4857e-1,   1.8867e-2,   2.4528e-2,
BrainWhiteMatter  ,   2.6600e+9,   1.3235e+0,   3.5922e+1,   2.4898e-1,   1.8662e-2,   2.4224e-2,
BrainWhiteMatter  ,   2.6900e+9,   1.3394e+0,   3.5888e+1,   2.4940e-1,   1.8463e-2,   2.3924e-2,
BrainWhiteMatter  ,   2.7200e+9,   1.3555e+0,   3.5854e+1,   2.4985e-1,   1.8267e-2,   2.3630e-2,
BrainWhiteMatter  ,   2.7500e+9,   1.3717e+0,   3.5820e+1,   2.5031e-1,   1.8076e-2,   2.3341e-2,
BrainWhiteMatter  ,   2.7800e+9,   1.3879e+0,   3.5786e+1,   2.5078e-1,   1.7889e-2,   2.3057e-2,
BrainWhiteMatter  ,   2.8100e+9,   1.4043e+0,   3.5752e+1,   2.5127e-1,   1.7706e-2,   2.2778e-2,
BrainWhiteMatter  ,   2.8400e+9,   1.4208e+0,   3.5718e+1,   2.5177e-1,   1.7526e-2,   2.2504e-2,
BrainWhiteMatter  ,   2.8700e+9,   1.4374e+0,   3.5685e+1,   2.5229e-1,   1.7351e-2,   2.2234e-2,
BrainWhiteMatter  ,   2.9000e+9,   1.4541e+0,   3.5652e+1,   2.5282e-1,   1.7179e-2,   2.1969e-2,
BrainWhiteMatter  ,   2.9300e+9,   1.4709e+0,   3.5618e+1,   2.5336e-1,   1.7010e-2,   2.1709e-2,
BrainWhiteMatter  ,   2.9600e+9,   1.4879e+0,   3.5585e+1,   2.5391e-1,   1.6845e-2,   2.1453e-2,
BrainWhiteMatter  ,   2.9900e+9,   1.5049e+0,   3.5552e+1,   2.5448e-1,   1.6683e-2,   2.1201e-2,
BrainWhiteMatter  ,   3.0200e+9,   1.5220e+0,   3.5519e+1,   2.5505e-1,   1.6525e-2,   2.0953e-2,
BrainWhiteMatter  ,   3.0500e+9,   1.5393e+0,   3.5487e+1,   2.5564e-1,   1.6369e-2,   2.0710e-2,
BrainWhiteMatter  ,   3.0800e+9,   1.5566e+0,   3.5454e+1,   2.5624e-1,   1.6217e-2,   2.0470e-2,
BrainWhiteMatter  ,   3.1100e+9,   1.5740e+0,   3.5421e+1,   2.5685e-1,   1.6067e-2,   2.0235e-2,
BrainWhiteMatter  ,   3.1400e+9,   1.5916e+0,   3.5389e+1,   2.5747e-1,   1.5920e-2,   2.0003e-2,
BrainWhiteMatter  ,   3.1700e+9,   1.6092e+0,   3.5356e+1,   2.5810e-1,   1.5776e-2,   1.9776e-2,
BrainWhiteMatter  ,   3.2000e+9,   1.6270e+0,   3.5324e+1,   2.5873e-1,   1.5635e-2,   1.9552e-2,
BrainWhiteMatter  ,   3.2300e+9,   1.6449e+0,   3.5291e+1,   2.5938e-1,   1.5496e-2,   1.9331e-2,
BrainWhiteMatter  ,   3.2600e+9,   1.6628e+0,   3.5259e+1,   2.6004e-1,   1.5360e-2,   1.9114e-2,
BrainWhiteMatter  ,   3.2900e+9,   1.6809e+0,   3.5227e+1,   2.6070e-1,   1.5226e-2,   1.8901e-2,
BrainWhiteMatter  ,   3.3200e+9,   1.6990e+0,   3.5195e+1,   2.6138e-1,   1.5095e-2,   1.8692e-2,
BrainWhiteMatter  ,   3.3500e+9,   1.7173e+0,   3.5162e+1,   2.6206e-1,   1.4966e-2,   1.8485e-2,
BrainWhiteMatter  ,   3.3800e+9,   1.7356e+0,   3.5130e+1,   2.6275e-1,   1.4839e-2,   1.8282e-2,
BrainWhiteMatter  ,   3.4100e+9,   1.7541e+0,   3.5098e+1,   2.6344e-1,   1.4715e-2,   1.8082e-2,
BrainWhiteMatter  ,   3.4400e+9,   1.7726e+0,   3.5067e+1,   2.6415e-1,   1.4592e-2,   1.7886e-2,
BrainWhiteMatter  ,   3.4700e+9,   1.7913e+0,   3.5035e+1,   2.6486e-1,   1.4472e-2,   1.7692e-2,
BrainWhiteMatter  ,   3.5000e+9,   1.8100e+0,   3.5003e+1,   2.6558e-1,   1.4354e-2,   1.7502e-2,
